DriverNumber,Abbreviation,FullName,TeamName,qualifying_position,q1_time,q2_time,q3_time,made_q3,delta_to_pole,season,round,race_name
81,PIA,Oscar Piastri,McLaren,1.0,91.591,91.2,90.641,1,0.0,2025,2,Chinese Grand Prix
63,RUS,George Russell,Mercedes,2.0,91.295,91.307,90.723,1,0.08199999999999363,2025,2,Chinese Grand Prix
4,NOR,Lando Norris,McLaren,3.0,90.983,90.787,90.793,1,0.1460000000000008,2025,2,Chinese Grand Prix
1,VER,Max Verstappen,Red Bull Racing,4.0,91.424,91.142,90.817,1,0.17599999999998772,2025,2,Chinese Grand Prix
44,HAM,Lewis Hamilton,Ferrari,5.0,91.69,91.501,90.927,1,0.28600000000000136,2025,2,Chinese Grand Prix
16,LEC,Charles Leclerc,Ferrari,6.0,91.579,91.45,91.021,1,0.37999999999999545,2025,2,Chinese Grand Prix
6,HAD,Isack Hadjar,Racing Bulls,7.0,91.162,91.253,91.079,1,0.4379999999999882,2025,2,Chinese Grand Prix
12,ANT,Andrea Kimi Antonelli,Mercedes,8.0,91.676,91.59,91.103,1,0.4619999999999891,2025,2,Chinese Grand Prix
22,TSU,Yuki Tsunoda,Racing Bulls,9.0,91.238,91.26,91.638,1,0.5969999999999942,2025,2,Chinese Grand Prix
23,ALB,Alexander Albon,Williams,10.0,91.503,91.595,91.706,1,0.8619999999999948,2025,2,Chinese Grand Prix
31,OCO,Esteban Ocon,Haas F1 Team,11.0,91.876,91.625,,0,0.9839999999999947,2025,2,Chinese Grand Prix
27,HUL,Nico Hulkenberg,Kick Sauber,12.0,91.921,91.632,,0,0.9909999999999997,2025,2,Chinese Grand Prix
14,ALO,Fernando Alonso,Aston Martin,13.0,91.719,91.688,,0,1.046999999999997,2025,2,Chinese Grand Prix
18,STR,Lance Stroll,Aston Martin,14.0,91.923,91.773,,0,1.1319999999999908,2025,2,Chinese Grand Prix
55,SAI,Carlos Sainz,Williams,15.0,91.628,91.84,,0,0.9869999999999948,2025,2,Chinese Grand Prix
10,GAS,Pierre Gasly,Alpine,16.0,91.992,,,0,1.350999999999999,2025,2,Chinese Grand Prix
87,BEA,Oliver Bearman,Haas F1 Team,17.0,92.018,,,0,1.3769999999999953,2025,2,Chinese Grand Prix
7,DOO,Jack Doohan,Alpine,18.0,92.092,,,0,1.4509999999999934,2025,2,Chinese Grand Prix
5,BOR,Gabriel Bortoleto,Kick Sauber,19.0,92.141,,,0,1.5,2025,2,Chinese Grand Prix
30,LAW,Liam Lawson,Red Bull Racing,20.0,92.174,,,0,1.5330000000000013,2025,2,Chinese Grand Prix
1,VER,Max Verstappen,Red Bull Racing,1.0,86.87,86.643,86.204,1,0.0,2025,6,Miami Grand Prix
4,NOR,Lando Norris,McLaren,2.0,86.955,86.499,86.269,1,0.06500000000001194,2025,6,Miami Grand Prix
12,ANT,Kimi Antonelli,Mercedes,3.0,87.077,86.606,86.271,1,0.06700000000000728,2025,6,Miami Grand Prix
81,PIA,Oscar Piastri,McLaren,4.0,87.006,86.269,86.375,1,0.06500000000001194,2025,6,Miami Grand Prix
63,RUS,George Russell,Mercedes,5.0,87.014,86.575,86.385,1,0.1810000000000116,2025,6,Miami Grand Prix
55,SAI,Carlos Sainz,Williams,6.0,87.098,86.847,86.569,1,0.3650000000000091,2025,6,Miami Grand Prix
23,ALB,Alexander Albon,Williams,7.0,87.042,86.855,86.682,1,0.47800000000000864,2025,6,Miami Grand Prix
16,LEC,Charles Leclerc,Ferrari,8.0,87.417,86.948,86.754,1,0.5500000000000114,2025,6,Miami Grand Prix
31,OCO,Esteban Ocon,Haas F1 Team,9.0,87.45,86.967,86.824,1,0.6200000000000045,2025,6,Miami Grand Prix
22,TSU,Yuki Tsunoda,Red Bull Racing,10.0,87.298,86.959,86.943,1,0.7390000000000043,2025,6,Miami Grand Prix
6,HAD,Isack Hadjar,Racing Bulls,11.0,87.301,86.987,,0,0.7830000000000013,2025,6,Miami Grand Prix
44,HAM,Lewis Hamilton,Ferrari,12.0,87.279,87.006,,0,0.8020000000000067,2025,6,Miami Grand Prix
5,BOR,Gabriel Bortoleto,Kick Sauber,13.0,87.343,87.151,,0,0.9470000000000027,2025,6,Miami Grand Prix
7,DOO,Jack Doohan,Alpine,14.0,87.422,87.186,,0,0.9820000000000135,2025,6,Miami Grand Prix
30,LAW,Liam Lawson,Racing Bulls,15.0,87.444,87.363,,0,1.159000000000006,2025,6,Miami Grand Prix
27,HUL,Nico Hulkenberg,Kick Sauber,16.0,87.473,,,0,1.2690000000000055,2025,6,Miami Grand Prix
14,ALO,Fernando Alonso,Aston Martin,17.0,87.604,,,0,1.4000000000000057,2025,6,Miami Grand Prix
10,GAS,Pierre Gasly,Alpine,18.0,87.71,,,0,1.5060000000000002,2025,6,Miami Grand Prix
18,STR,Lance Stroll,Aston Martin,19.0,87.83,,,0,1.6260000000000048,2025,6,Miami Grand Prix
87,BEA,Oliver Bearman,Haas F1 Team,20.0,87.999,,,0,1.7950000000000017,2025,6,Miami Grand Prix
1,VER,Max Verstappen,Red Bull Racing,1.0,87.943,87.502,86.983,1,0.0,2025,3,Japanese Grand Prix
4,NOR,Lando Norris,McLaren,2.0,87.845,87.146,86.995,1,0.012000000000000455,2025,3,Japanese Grand Prix
81,PIA,Oscar Piastri,McLaren,3.0,87.687,87.507,87.027,1,0.04399999999999693,2025,3,Japanese Grand Prix
16,LEC,Charles Leclerc,Ferrari,4.0,87.92,87.555,87.299,1,0.3160000000000025,2025,3,Japanese Grand Prix
63,RUS,George Russell,Mercedes,5.0,87.843,87.4,87.318,1,0.33499999999999375,2025,3,Japanese Grand Prix
12,ANT,Kimi Antonelli,Mercedes,6.0,87.968,87.639,87.555,1,0.5720000000000027,2025,3,Japanese Grand Prix
6,HAD,Isack Hadjar,Racing Bulls,7.0,88.278,87.775,87.569,1,0.5859999999999985,2025,3,Japanese Grand Prix
44,HAM,Lewis Hamilton,Ferrari,8.0,87.942,87.61,87.61,1,0.6269999999999953,2025,3,Japanese Grand Prix
23,ALB,Alexander Albon,Williams,9.0,88.218,87.783,87.615,1,0.6319999999999908,2025,3,Japanese Grand Prix
87,BEA,Oliver Bearman,Haas F1 Team,10.0,88.228,87.711,87.867,1,0.7279999999999944,2025,3,Japanese Grand Prix
10,GAS,Pierre Gasly,Alpine,11.0,88.186,87.822,,0,0.8389999999999986,2025,3,Japanese Grand Prix
55,SAI,Carlos Sainz,Williams,12.0,88.209,87.836,,0,0.8529999999999944,2025,3,Japanese Grand Prix
14,ALO,Fernando Alonso,Aston Martin,13.0,88.337,87.897,,0,0.9140000000000015,2025,3,Japanese Grand Prix
30,LAW,Liam Lawson,Racing Bulls,14.0,88.554,87.906,,0,0.9230000000000018,2025,3,Japanese Grand Prix
22,TSU,Yuki Tsunoda,Red Bull Racing,15.0,87.967,88.0,,0,0.9839999999999947,2025,3,Japanese Grand Prix
27,HUL,Nico Hulkenberg,Kick Sauber,16.0,88.57,,,0,1.586999999999989,2025,3,Japanese Grand Prix
5,BOR,Gabriel Bortoleto,Kick Sauber,17.0,88.622,,,0,1.6389999999999958,2025,3,Japanese Grand Prix
31,OCO,Esteban Ocon,Haas F1 Team,18.0,88.696,,,0,1.7129999999999939,2025,3,Japanese Grand Prix
7,DOO,Jack Doohan,Alpine,19.0,88.877,,,0,1.8939999999999912,2025,3,Japanese Grand Prix
18,STR,Lance Stroll,Aston Martin,20.0,89.271,,,0,2.2879999999999967,2025,3,Japanese Grand Prix
4,NOR,Lando Norris,McLaren,1.0,71.285,70.57,69.954,1,0.0,2025,8,Monaco Grand Prix
16,LEC,Charles Leclerc,Ferrari,2.0,71.229,70.581,70.063,1,0.10900000000000887,2025,8,Monaco Grand Prix
81,PIA,Oscar Piastri,McLaren,3.0,71.308,70.858,70.129,1,0.17500000000001137,2025,8,Monaco Grand Prix
44,HAM,Lewis Hamilton,Ferrari,4.0,71.575,70.883,70.382,1,0.4280000000000115,2025,8,Monaco Grand Prix
1,VER,Max Verstappen,Red Bull Racing,5.0,71.431,70.875,70.669,1,0.7150000000000034,2025,8,Monaco Grand Prix
6,HAD,Isack Hadjar,Racing Bulls,6.0,71.811,71.04,70.923,1,0.9690000000000083,2025,8,Monaco Grand Prix
14,ALO,Fernando Alonso,Aston Martin,7.0,71.674,71.182,70.924,1,0.9700000000000131,2025,8,Monaco Grand Prix
31,OCO,Esteban Ocon,Haas F1 Team,8.0,71.839,71.262,70.942,1,0.9879999999999995,2025,8,Monaco Grand Prix
30,LAW,Liam Lawson,Racing Bulls,9.0,71.818,71.25,71.129,1,1.1750000000000114,2025,8,Monaco Grand Prix
23,ALB,Alexander Albon,Williams,10.0,71.629,70.732,71.213,1,0.7780000000000058,2025,8,Monaco Grand Prix
55,SAI,Carlos Sainz,Williams,11.0,71.707,71.362,,0,1.4080000000000013,2025,8,Monaco Grand Prix
22,TSU,Yuki Tsunoda,Red Bull Racing,12.0,71.8,71.415,,0,1.4610000000000127,2025,8,Monaco Grand Prix
27,HUL,Nico Hulkenberg,Kick Sauber,13.0,71.871,71.596,,0,1.6420000000000101,2025,8,Monaco Grand Prix
63,RUS,George Russell,Mercedes,14.0,71.507,,,0,1.5530000000000115,2025,8,Monaco Grand Prix
12,ANT,Kimi Antonelli,Mercedes,15.0,71.88,,,0,1.926000000000002,2025,8,Monaco Grand Prix
5,BOR,Gabriel Bortoleto,Kick Sauber,16.0,71.902,,,0,1.9480000000000075,2025,8,Monaco Grand Prix
87,BEA,Oliver Bearman,Haas F1 Team,17.0,71.979,,,0,2.0250000000000057,2025,8,Monaco Grand Prix
10,GAS,Pierre Gasly,Alpine,18.0,71.994,,,0,2.0400000000000063,2025,8,Monaco Grand Prix
18,STR,Lance Stroll,Aston Martin,19.0,72.563,,,0,2.609000000000009,2025,8,Monaco Grand Prix
43,COL,Franco Colapinto,Alpine,20.0,72.597,,,0,2.6430000000000007,2025,8,Monaco Grand Prix
1,VER,Max Verstappen,Red Bull Racing,1.0,87.778,87.529,87.294,1,0.0,2025,5,Saudi Arabian Grand Prix
81,PIA,Oscar Piastri,McLaren,2.0,87.901,87.545,87.304,1,0.010000000000005116,2025,5,Saudi Arabian Grand Prix
63,RUS,George Russell,Mercedes,3.0,88.282,87.599,87.407,1,0.11299999999999955,2025,5,Saudi Arabian Grand Prix
16,LEC,Charles Leclerc,Ferrari,4.0,88.552,87.866,87.67,1,0.3760000000000048,2025,5,Saudi Arabian Grand Prix
12,ANT,Kimi Antonelli,Mercedes,5.0,88.128,87.798,87.866,1,0.5040000000000049,2025,5,Saudi Arabian Grand Prix
55,SAI,Carlos Sainz,Williams,6.0,88.354,88.024,88.164,1,0.730000000000004,2025,5,Saudi Arabian Grand Prix
44,HAM,Lewis Hamilton,Ferrari,7.0,88.372,88.102,88.201,1,0.8080000000000069,2025,5,Saudi Arabian Grand Prix
22,TSU,Yuki Tsunoda,Red Bull Racing,8.0,88.226,87.99,88.204,1,0.695999999999998,2025,5,Saudi Arabian Grand Prix
10,GAS,Pierre Gasly,Alpine,9.0,88.421,88.025,88.367,1,0.7310000000000088,2025,5,Saudi Arabian Grand Prix
4,NOR,Lando Norris,McLaren,10.0,87.805,87.481,,0,0.1869999999999976,2025,5,Saudi Arabian Grand Prix
23,ALB,Alexander Albon,Williams,11.0,88.279,88.109,,0,0.8149999999999977,2025,5,Saudi Arabian Grand Prix
30,LAW,Liam Lawson,Racing Bulls,12.0,88.561,88.191,,0,0.8970000000000056,2025,5,Saudi Arabian Grand Prix
14,ALO,Fernando Alonso,Aston Martin,13.0,88.548,88.303,,0,1.0090000000000003,2025,5,Saudi Arabian Grand Prix
6,HAD,Isack Hadjar,Racing Bulls,14.0,88.571,88.418,,0,1.1240000000000094,2025,5,Saudi Arabian Grand Prix
87,BEA,Oliver Bearman,Haas F1 Team,15.0,88.536,88.648,,0,1.2420000000000044,2025,5,Saudi Arabian Grand Prix
18,STR,Lance Stroll,Aston Martin,16.0,88.645,,,0,1.350999999999999,2025,5,Saudi Arabian Grand Prix
7,DOO,Jack Doohan,Alpine,17.0,88.739,,,0,1.4450000000000074,2025,5,Saudi Arabian Grand Prix
27,HUL,Nico Hulkenberg,Kick Sauber,18.0,88.782,,,0,1.4879999999999995,2025,5,Saudi Arabian Grand Prix
31,OCO,Esteban Ocon,Haas F1 Team,19.0,89.092,,,0,1.7980000000000018,2025,5,Saudi Arabian Grand Prix
5,BOR,Gabriel Bortoleto,Kick Sauber,20.0,89.462,,,0,2.1680000000000064,2025,5,Saudi Arabian Grand Prix
81,PIA,Oscar Piastri,McLaren,1.0,75.5,75.214,74.67,1,0.0,2025,7,Emilia Romagna Grand Prix
1,VER,Max Verstappen,Red Bull Racing,2.0,75.175,75.394,74.704,1,0.033999999999991815,2025,7,Emilia Romagna Grand Prix
63,RUS,George Russell,Mercedes,3.0,75.852,75.334,74.807,1,0.13700000000000045,2025,7,Emilia Romagna Grand Prix
4,NOR,Lando Norris,McLaren,4.0,75.894,75.261,74.962,1,0.2920000000000016,2025,7,Emilia Romagna Grand Prix
14,ALO,Fernando Alonso,Aston Martin,5.0,75.695,75.442,75.431,1,0.7609999999999957,2025,7,Emilia Romagna Grand Prix
55,SAI,Carlos Sainz,Williams,6.0,75.987,75.198,75.432,1,0.5279999999999916,2025,7,Emilia Romagna Grand Prix
23,ALB,Alexander Albon,Williams,7.0,76.123,75.521,75.473,1,0.8029999999999973,2025,7,Emilia Romagna Grand Prix
18,STR,Lance Stroll,Aston Martin,8.0,75.817,75.497,75.581,1,0.8269999999999982,2025,7,Emilia Romagna Grand Prix
6,HAD,Isack Hadjar,Racing Bulls,9.0,76.253,75.51,75.746,1,0.8400000000000034,2025,7,Emilia Romagna Grand Prix
10,GAS,Pierre Gasly,Alpine,10.0,75.937,75.505,75.787,1,0.8349999999999937,2025,7,Emilia Romagna Grand Prix
16,LEC,Charles Leclerc,Ferrari,11.0,76.108,75.604,,0,0.9339999999999975,2025,7,Emilia Romagna Grand Prix
44,HAM,Lewis Hamilton,Ferrari,12.0,76.163,75.765,,0,1.0949999999999989,2025,7,Emilia Romagna Grand Prix
12,ANT,Kimi Antonelli,Mercedes,13.0,75.943,75.772,,0,1.1020000000000039,2025,7,Emilia Romagna Grand Prix
5,BOR,Gabriel Bortoleto,Kick Sauber,14.0,76.34,76.26,,0,1.5900000000000034,2025,7,Emilia Romagna Grand Prix
43,COL,Franco Colapinto,Alpine,15.0,76.256,,,0,1.5859999999999985,2025,7,Emilia Romagna Grand Prix
30,LAW,Liam Lawson,Racing Bulls,16.0,76.379,,,0,1.7090000000000032,2025,7,Emilia Romagna Grand Prix
27,HUL,Nico Hulkenberg,Kick Sauber,17.0,76.518,,,0,1.847999999999999,2025,7,Emilia Romagna Grand Prix
31,OCO,Esteban Ocon,Haas F1 Team,18.0,76.613,,,0,1.9429999999999978,2025,7,Emilia Romagna Grand Prix
87,BEA,Oliver Bearman,Haas F1 Team,19.0,76.918,,,0,2.2480000000000047,2025,7,Emilia Romagna Grand Prix
22,TSU,Yuki Tsunoda,Red Bull Racing,20.0,,,,0,,2025,7,Emilia Romagna Grand Prix
4,NOR,Lando Norris,McLaren,1.0,75.912,75.415,75.096,1,0.0,2025,1,Australian Grand Prix
81,PIA,Oscar Piastri,McLaren,2.0,76.062,75.468,75.18,1,0.08400000000000318,2025,1,Australian Grand Prix
1,VER,Max Verstappen,Red Bull Racing,3.0,76.018,75.565,75.481,1,0.3849999999999909,2025,1,Australian Grand Prix
63,RUS,George Russell,Mercedes,4.0,75.971,75.798,75.546,1,0.45000000000000284,2025,1,Australian Grand Prix
22,TSU,Yuki Tsunoda,Racing Bulls,5.0,76.225,76.009,75.67,1,0.5739999999999981,2025,1,Australian Grand Prix
23,ALB,Alexander Albon,Williams,6.0,76.245,76.017,75.737,1,0.6409999999999911,2025,1,Australian Grand Prix
16,LEC,Charles Leclerc,Ferrari,7.0,76.029,75.827,75.755,1,0.6589999999999918,2025,1,Australian Grand Prix
44,HAM,Lewis Hamilton,Ferrari,8.0,76.213,75.919,75.973,1,0.8229999999999933,2025,1,Australian Grand Prix
10,GAS,Pierre Gasly,Alpine,9.0,76.328,76.112,75.98,1,0.8840000000000003,2025,1,Australian Grand Prix
55,SAI,Carlos Sainz,Williams,10.0,76.36,75.931,76.062,1,0.8349999999999937,2025,1,Australian Grand Prix
6,HAD,Isack Hadjar,Racing Bulls,11.0,76.354,76.175,,0,1.0789999999999935,2025,1,Australian Grand Prix
14,ALO,Fernando Alonso,Aston Martin,12.0,76.288,76.453,,0,1.191999999999993,2025,1,Australian Grand Prix
18,STR,Lance Stroll,Aston Martin,13.0,76.369,76.483,,0,1.2729999999999961,2025,1,Australian Grand Prix
7,DOO,Jack Doohan,Alpine,14.0,76.315,76.863,,0,1.218999999999994,2025,1,Australian Grand Prix
5,BOR,Gabriel Bortoleto,Kick Sauber,15.0,76.516,77.52,,0,1.4200000000000017,2025,1,Australian Grand Prix
12,ANT,Andrea Kimi Antonelli,Mercedes,16.0,76.525,,,0,1.429000000000002,2025,1,Australian Grand Prix
27,HUL,Nico Hulkenberg,Kick Sauber,17.0,76.579,,,0,1.4829999999999899,2025,1,Australian Grand Prix
30,LAW,Liam Lawson,Red Bull Racing,18.0,77.094,,,0,1.9979999999999905,2025,1,Australian Grand Prix
31,OCO,Esteban Ocon,Haas F1 Team,19.0,77.147,,,0,2.051000000000002,2025,1,Australian Grand Prix
87,BEA,Oliver Bearman,Haas F1 Team,20.0,,,,0,,2025,1,Australian Grand Prix
81,PIA,Oscar Piastri,McLaren,1.0,91.392,90.454,89.841,1,0.0,2025,4,Bahrain Grand Prix
63,RUS,George Russell,Mercedes,2.0,91.494,90.664,90.009,1,0.16800000000000637,2025,4,Bahrain Grand Prix
16,LEC,Charles Leclerc,Ferrari,3.0,91.454,90.724,90.175,1,0.3340000000000032,2025,4,Bahrain Grand Prix
12,ANT,Kimi Antonelli,Mercedes,4.0,91.415,90.716,90.213,1,0.3719999999999999,2025,4,Bahrain Grand Prix
10,GAS,Pierre Gasly,Alpine,5.0,91.462,90.643,90.216,1,0.375,2025,4,Bahrain Grand Prix
4,NOR,Lando Norris,McLaren,6.0,91.107,90.56,90.267,1,0.42600000000000193,2025,4,Bahrain Grand Prix
1,VER,Max Verstappen,Red Bull Racing,7.0,91.303,91.019,90.423,1,0.5820000000000078,2025,4,Bahrain Grand Prix
55,SAI,Carlos Sainz,Williams,8.0,91.591,90.844,90.68,1,0.8390000000000128,2025,4,Bahrain Grand Prix
44,HAM,Lewis Hamilton,Ferrari,9.0,91.219,91.009,90.772,1,0.9310000000000116,2025,4,Bahrain Grand Prix
22,TSU,Yuki Tsunoda,Red Bull Racing,10.0,91.751,91.228,91.303,1,1.3870000000000005,2025,4,Bahrain Grand Prix
7,DOO,Jack Doohan,Alpine,11.0,91.414,91.245,,0,1.4040000000000106,2025,4,Bahrain Grand Prix
6,HAD,Isack Hadjar,Racing Bulls,12.0,91.591,91.271,,0,1.4300000000000068,2025,4,Bahrain Grand Prix
14,ALO,Fernando Alonso,Aston Martin,13.0,91.634,91.886,,0,1.7930000000000064,2025,4,Bahrain Grand Prix
31,OCO,Esteban Ocon,Haas F1 Team,14.0,91.594,,,0,1.7530000000000001,2025,4,Bahrain Grand Prix
23,ALB,Alexander Albon,Williams,15.0,92.04,,,0,2.1990000000000123,2025,4,Bahrain Grand Prix
27,HUL,Nico Hulkenberg,Kick Sauber,16.0,92.067,,,0,2.225999999999999,2025,4,Bahrain Grand Prix
30,LAW,Liam Lawson,Racing Bulls,17.0,92.165,,,0,2.3240000000000123,2025,4,Bahrain Grand Prix
5,BOR,Gabriel Bortoleto,Kick Sauber,18.0,92.186,,,0,2.345000000000013,2025,4,Bahrain Grand Prix
18,STR,Lance Stroll,Aston Martin,19.0,92.283,,,0,2.4420000000000073,2025,4,Bahrain Grand Prix
87,BEA,Oliver Bearman,Haas F1 Team,20.0,92.373,,,0,2.5320000000000107,2025,4,Bahrain Grand Prix
81,PIA,Oscar Piastri,McLaren,1.0,72.551,71.998,71.546,1,0.0,2025,9,Spanish Grand Prix
4,NOR,Lando Norris,McLaren,2.0,72.799,72.056,71.755,1,0.20899999999998897,2025,9,Spanish Grand Prix
1,VER,Max Verstappen,Red Bull Racing,3.0,72.798,72.358,71.848,1,0.3019999999999925,2025,9,Spanish Grand Prix
63,RUS,George Russell,Mercedes,4.0,72.806,72.407,71.848,1,0.3019999999999925,2025,9,Spanish Grand Prix
44,HAM,Lewis Hamilton,Ferrari,5.0,73.058,72.447,72.045,1,0.4989999999999952,2025,9,Spanish Grand Prix
12,ANT,Kimi Antonelli,Mercedes,6.0,72.815,72.585,72.111,1,0.5649999999999977,2025,9,Spanish Grand Prix
16,LEC,Charles Leclerc,Ferrari,7.0,73.014,72.495,72.131,1,0.5849999999999937,2025,9,Spanish Grand Prix
10,GAS,Pierre Gasly,Alpine,8.0,73.081,72.611,72.199,1,0.6529999999999916,2025,9,Spanish Grand Prix
6,HAD,Isack Hadjar,Racing Bulls,9.0,73.139,72.461,72.252,1,0.7059999999999889,2025,9,Spanish Grand Prix
14,ALO,Fernando Alonso,Aston Martin,10.0,73.102,72.523,72.284,1,0.7379999999999995,2025,9,Spanish Grand Prix
23,ALB,Alexander Albon,Williams,11.0,73.044,72.641,,0,1.0949999999999989,2025,9,Spanish Grand Prix
5,BOR,Gabriel Bortoleto,Kick Sauber,12.0,73.045,72.756,,0,1.2099999999999937,2025,9,Spanish Grand Prix
30,LAW,Liam Lawson,Racing Bulls,13.0,73.039,72.763,,0,1.2169999999999987,2025,9,Spanish Grand Prix
18,STR,Lance Stroll,Aston Martin,14.0,73.038,73.058,,0,1.4919999999999902,2025,9,Spanish Grand Prix
87,BEA,Oliver Bearman,Haas F1 Team,15.0,73.074,73.315,,0,1.5279999999999916,2025,9,Spanish Grand Prix
27,HUL,Nico Hulkenberg,Kick Sauber,16.0,73.19,,,0,1.6439999999999912,2025,9,Spanish Grand Prix
31,OCO,Esteban Ocon,Haas F1 Team,17.0,73.201,,,0,1.654999999999987,2025,9,Spanish Grand Prix
55,SAI,Carlos Sainz,Williams,18.0,73.203,,,0,1.6569999999999965,2025,9,Spanish Grand Prix
43,COL,Franco Colapinto,Alpine,19.0,73.334,,,0,1.7879999999999967,2025,9,Spanish Grand Prix
22,TSU,Yuki Tsunoda,Red Bull Racing,20.0,73.385,,,0,1.8389999999999986,2025,9,Spanish Grand Prix
63,RUS,George Russell,Mercedes,1.0,72.075,71.57,70.899,1,0.0,2025,10,Canadian Grand Prix
1,VER,Max Verstappen,Red Bull Racing,2.0,72.054,71.638,71.059,1,0.1599999999999966,2025,10,Canadian Grand Prix
81,PIA,Oscar Piastri,McLaren,3.0,71.939,71.715,71.12,1,0.22100000000000364,2025,10,Canadian Grand Prix
12,ANT,Kimi Antonelli,Mercedes,4.0,72.279,71.974,71.391,1,0.49200000000000443,2025,10,Canadian Grand Prix
44,HAM,Lewis Hamilton,Ferrari,5.0,71.952,71.885,71.526,1,0.6269999999999953,2025,10,Canadian Grand Prix
14,ALO,Fernando Alonso,Aston Martin,6.0,72.073,71.805,71.586,1,0.6869999999999976,2025,10,Canadian Grand Prix
4,NOR,Lando Norris,McLaren,7.0,71.826,71.599,71.625,1,0.7000000000000028,2025,10,Canadian Grand Prix
16,LEC,Charles Leclerc,Ferrari,8.0,72.038,71.626,71.682,1,0.7270000000000039,2025,10,Canadian Grand Prix
6,HAD,Isack Hadjar,Racing Bulls,9.0,72.211,72.003,71.867,1,0.9680000000000035,2025,10,Canadian Grand Prix
23,ALB,Alexander Albon,Williams,10.0,72.09,71.892,71.907,1,0.992999999999995,2025,10,Canadian Grand Prix
22,TSU,Yuki Tsunoda,Red Bull Racing,11.0,72.334,72.102,,0,1.203000000000003,2025,10,Canadian Grand Prix
43,COL,Franco Colapinto,Alpine,12.0,72.234,72.142,,0,1.242999999999995,2025,10,Canadian Grand Prix
27,HUL,Nico Hulkenberg,Kick Sauber,13.0,72.323,72.183,,0,1.284000000000006,2025,10,Canadian Grand Prix
87,BEA,Oliver Bearman,Haas F1 Team,14.0,72.306,72.34,,0,1.4069999999999965,2025,10,Canadian Grand Prix
31,OCO,Esteban Ocon,Haas F1 Team,15.0,72.378,72.634,,0,1.4789999999999992,2025,10,Canadian Grand Prix
5,BOR,Gabriel Bortoleto,Kick Sauber,16.0,72.385,,,0,1.4860000000000042,2025,10,Canadian Grand Prix
55,SAI,Carlos Sainz,Williams,17.0,72.398,,,0,1.4989999999999952,2025,10,Canadian Grand Prix
18,STR,Lance Stroll,Aston Martin,18.0,72.517,,,0,1.617999999999995,2025,10,Canadian Grand Prix
30,LAW,Liam Lawson,Racing Bulls,19.0,72.525,,,0,1.6260000000000048,2025,10,Canadian Grand Prix
10,GAS,Pierre Gasly,Alpine,20.0,72.667,,,0,1.7680000000000007,2025,10,Canadian Grand Prix
1,VER,Max Verstappen,Red Bull Racing,1.0,85.886,85.316,84.892,1,0.0,2025,12,British Grand Prix
81,PIA,Oscar Piastri,McLaren,2.0,85.963,85.316,84.995,1,0.10300000000000864,2025,12,British Grand Prix
4,NOR,Lando Norris,McLaren,3.0,86.123,85.231,85.01,1,0.11800000000000921,2025,12,British Grand Prix
63,RUS,George Russell,Mercedes,4.0,86.236,85.637,85.029,1,0.13700000000000045,2025,12,British Grand Prix
44,HAM,Lewis Hamilton,Ferrari,5.0,86.296,85.084,85.095,1,0.19200000000000728,2025,12,British Grand Prix
16,LEC,Charles Leclerc,Ferrari,6.0,86.186,85.133,85.121,1,0.2289999999999992,2025,12,British Grand Prix
12,ANT,Kimi Antonelli,Mercedes,7.0,86.265,85.62,85.374,1,0.4819999999999993,2025,12,British Grand Prix
87,BEA,Oliver Bearman,Haas F1 Team,8.0,86.005,85.534,85.471,1,0.5790000000000077,2025,12,British Grand Prix
14,ALO,Fernando Alonso,Aston Martin,9.0,86.108,85.593,85.621,1,0.7010000000000076,2025,12,British Grand Prix
10,GAS,Pierre Gasly,Alpine,10.0,86.328,85.711,85.785,1,0.8190000000000026,2025,12,British Grand Prix
55,SAI,Carlos Sainz,Williams,11.0,86.175,85.746,,0,0.8539999999999992,2025,12,British Grand Prix
22,TSU,Yuki Tsunoda,Red Bull Racing,12.0,86.275,85.826,,0,0.9339999999999975,2025,12,British Grand Prix
6,HAD,Isack Hadjar,Racing Bulls,13.0,86.177,85.864,,0,0.9720000000000084,2025,12,British Grand Prix
23,ALB,Alexander Albon,Williams,14.0,86.093,85.889,,0,0.9969999999999999,2025,12,British Grand Prix
31,OCO,Esteban Ocon,Haas F1 Team,15.0,86.136,85.95,,0,1.058000000000007,2025,12,British Grand Prix
30,LAW,Liam Lawson,Racing Bulls,16.0,86.44,,,0,1.5480000000000018,2025,12,British Grand Prix
5,BOR,Gabriel Bortoleto,Kick Sauber,17.0,86.446,,,0,1.554000000000002,2025,12,British Grand Prix
18,STR,Lance Stroll,Aston Martin,18.0,86.504,,,0,1.612000000000009,2025,12,British Grand Prix
27,HUL,Nico Hulkenberg,Kick Sauber,19.0,86.574,,,0,1.6820000000000022,2025,12,British Grand Prix
43,COL,Franco Colapinto,Alpine,20.0,87.06,,,0,2.1680000000000064,2025,12,British Grand Prix
4,NOR,Lando Norris,McLaren,1.0,101.01,100.715,100.562,1,0.0,2025,13,Belgian Grand Prix
81,PIA,Oscar Piastri,McLaren,2.0,101.201,100.626,100.647,1,0.06400000000000716,2025,13,Belgian Grand Prix
16,LEC,Charles Leclerc,Ferrari,3.0,101.635,101.084,100.9,1,0.33800000000000807,2025,13,Belgian Grand Prix
1,VER,Max Verstappen,Red Bull Racing,4.0,101.334,100.951,100.903,1,0.3410000000000082,2025,13,Belgian Grand Prix
23,ALB,Alexander Albon,Williams,5.0,101.772,101.505,101.201,1,0.6389999999999958,2025,13,Belgian Grand Prix
63,RUS,George Russell,Mercedes,6.0,101.784,101.254,101.26,1,0.6920000000000073,2025,13,Belgian Grand Prix
22,TSU,Yuki Tsunoda,Red Bull Racing,7.0,101.84,101.245,101.284,1,0.6830000000000069,2025,13,Belgian Grand Prix
6,HAD,Isack Hadjar,Racing Bulls,8.0,101.572,101.281,101.31,1,0.7190000000000083,2025,13,Belgian Grand Prix
30,LAW,Liam Lawson,Racing Bulls,9.0,101.748,101.297,101.328,1,0.7349999999999994,2025,13,Belgian Grand Prix
5,BOR,Gabriel Bortoleto,Kick Sauber,10.0,101.908,101.336,102.387,1,0.7740000000000009,2025,13,Belgian Grand Prix
31,OCO,Esteban Ocon,Haas F1 Team,11.0,101.884,101.525,,0,0.9630000000000081,2025,13,Belgian Grand Prix
87,BEA,Oliver Bearman,Haas F1 Team,12.0,101.617,101.617,,0,1.0550000000000068,2025,13,Belgian Grand Prix
10,GAS,Pierre Gasly,Alpine,13.0,101.8,101.633,,0,1.070999999999998,2025,13,Belgian Grand Prix
27,HUL,Nico Hulkenberg,Kick Sauber,14.0,101.844,101.707,,0,1.144999999999996,2025,13,Belgian Grand Prix
55,SAI,Carlos Sainz,Williams,15.0,101.691,101.758,,0,1.1290000000000049,2025,13,Belgian Grand Prix
44,HAM,Lewis Hamilton,Ferrari,16.0,101.939,,,0,1.3769999999999953,2025,13,Belgian Grand Prix
43,COL,Franco Colapinto,Alpine,17.0,102.022,,,0,1.460000000000008,2025,13,Belgian Grand Prix
12,ANT,Kimi Antonelli,Mercedes,18.0,102.139,,,0,1.5769999999999982,2025,13,Belgian Grand Prix
14,ALO,Fernando Alonso,Aston Martin,19.0,102.385,,,0,1.8230000000000075,2025,13,Belgian Grand Prix
18,STR,Lance Stroll,Aston Martin,20.0,102.502,,,0,1.9399999999999977,2025,13,Belgian Grand Prix
4,NOR,Lando Norris,McLaren,1.0,64.672,64.41,63.971,1,0.0,2025,11,Austrian Grand Prix
16,LEC,Charles Leclerc,Ferrari,2.0,65.197,64.734,64.492,1,0.5210000000000079,2025,11,Austrian Grand Prix
81,PIA,Oscar Piastri,McLaren,3.0,64.966,64.556,64.554,1,0.5830000000000055,2025,11,Austrian Grand Prix
44,HAM,Lewis Hamilton,Ferrari,4.0,65.115,64.896,64.582,1,0.6109999999999971,2025,11,Austrian Grand Prix
63,RUS,George Russell,Mercedes,5.0,65.189,64.86,64.763,1,0.7920000000000087,2025,11,Austrian Grand Prix
30,LAW,Liam Lawson,Racing Bulls,6.0,65.017,65.041,64.926,1,0.9550000000000054,2025,11,Austrian Grand Prix
1,VER,Max Verstappen,Red Bull Racing,7.0,65.106,64.836,64.929,1,0.865000000000002,2025,11,Austrian Grand Prix
5,BOR,Gabriel Bortoleto,Kick Sauber,8.0,65.123,64.846,65.132,1,0.8750000000000071,2025,11,Austrian Grand Prix
12,ANT,Kimi Antonelli,Mercedes,9.0,65.178,65.052,65.276,1,1.0810000000000102,2025,11,Austrian Grand Prix
10,GAS,Pierre Gasly,Alpine,10.0,65.054,64.846,65.649,1,0.8750000000000071,2025,11,Austrian Grand Prix
14,ALO,Fernando Alonso,Aston Martin,11.0,65.197,65.128,,0,1.1570000000000036,2025,11,Austrian Grand Prix
23,ALB,Alexander Albon,Williams,12.0,65.143,65.205,,0,1.1720000000000041,2025,11,Austrian Grand Prix
6,HAD,Isack Hadjar,Racing Bulls,13.0,65.063,65.226,,0,1.0920000000000059,2025,11,Austrian Grand Prix
43,COL,Franco Colapinto,Alpine,14.0,65.278,65.288,,0,1.3070000000000093,2025,11,Austrian Grand Prix
87,BEA,Oliver Bearman,Haas F1 Team,15.0,65.218,65.312,,0,1.247000000000007,2025,11,Austrian Grand Prix
18,STR,Lance Stroll,Aston Martin,16.0,65.329,,,0,1.357999999999997,2025,11,Austrian Grand Prix
31,OCO,Esteban Ocon,Haas F1 Team,17.0,65.364,,,0,1.3930000000000078,2025,11,Austrian Grand Prix
22,TSU,Yuki Tsunoda,Red Bull Racing,18.0,65.369,,,0,1.3980000000000032,2025,11,Austrian Grand Prix
55,SAI,Carlos Sainz,Williams,19.0,65.582,,,0,1.610999999999997,2025,11,Austrian Grand Prix
27,HUL,Nico Hulkenberg,Kick Sauber,20.0,65.606,,,0,1.634999999999998,2025,11,Austrian Grand Prix
16,LEC,Charles Leclerc,Ferrari,1.0,75.582,75.455,75.372,1,0.4819999999999993,2025,14,Hungarian Grand Prix
81,PIA,Oscar Piastri,McLaren,2.0,75.211,74.941,75.398,1,0.05100000000000193,2025,14,Hungarian Grand Prix
4,NOR,Lando Norris,McLaren,3.0,75.523,74.89,75.413,1,0.0,2025,14,Hungarian Grand Prix
63,RUS,George Russell,Mercedes,4.0,75.627,75.201,75.425,1,0.31099999999999284,2025,14,Hungarian Grand Prix
14,ALO,Fernando Alonso,Aston Martin,5.0,75.281,75.395,75.481,1,0.39100000000000534,2025,14,Hungarian Grand Prix
18,STR,Lance Stroll,Aston Martin,6.0,75.673,75.129,75.498,1,0.23900000000000432,2025,14,Hungarian Grand Prix
5,BOR,Gabriel Bortoleto,Kick Sauber,7.0,75.586,75.687,75.725,1,0.695999999999998,2025,14,Hungarian Grand Prix
1,VER,Max Verstappen,Red Bull Racing,8.0,75.736,75.547,75.728,1,0.6569999999999965,2025,14,Hungarian Grand Prix
30,LAW,Liam Lawson,Racing Bulls,9.0,75.849,75.63,75.821,1,0.7399999999999949,2025,14,Hungarian Grand Prix
6,HAD,Isack Hadjar,Racing Bulls,10.0,75.516,75.469,75.915,1,0.5789999999999935,2025,14,Hungarian Grand Prix
87,BEA,Oliver Bearman,Haas F1 Team,11.0,75.75,75.694,,0,0.804000000000002,2025,14,Hungarian Grand Prix
44,HAM,Lewis Hamilton,Ferrari,12.0,75.733,75.702,,0,0.8119999999999976,2025,14,Hungarian Grand Prix
55,SAI,Carlos Sainz,Williams,13.0,75.652,75.781,,0,0.7620000000000005,2025,14,Hungarian Grand Prix
43,COL,Franco Colapinto,Alpine,14.0,75.875,76.159,,0,0.9849999999999994,2025,14,Hungarian Grand Prix
12,ANT,Kimi Antonelli,Mercedes,15.0,75.782,76.386,,0,0.8919999999999959,2025,14,Hungarian Grand Prix
22,TSU,Yuki Tsunoda,Red Bull Racing,16.0,75.899,,,0,1.0090000000000003,2025,14,Hungarian Grand Prix
10,GAS,Pierre Gasly,Alpine,17.0,75.966,,,0,1.0759999999999934,2025,14,Hungarian Grand Prix
31,OCO,Esteban Ocon,Haas F1 Team,18.0,76.023,,,0,1.1329999999999956,2025,14,Hungarian Grand Prix
27,HUL,Nico Hulkenberg,Kick Sauber,19.0,76.081,,,0,1.1910000000000025,2025,14,Hungarian Grand Prix
23,ALB,Alexander Albon,Williams,20.0,76.223,,,0,1.3329999999999984,2025,14,Hungarian Grand Prix
81,PIA,Oscar Piastri,McLaren,1.0,69.338,68.964,68.662,1,0.0,2025,15,Dutch Grand Prix
4,NOR,Lando Norris,McLaren,2.0,69.469,68.874,68.674,1,0.012000000000000455,2025,15,Dutch Grand Prix
1,VER,Max Verstappen,Red Bull Racing,3.0,69.696,69.122,68.925,1,0.262999999999991,2025,15,Dutch Grand Prix
6,HAD,Isack Hadjar,Racing Bulls,4.0,69.966,69.439,69.208,1,0.5459999999999923,2025,15,Dutch Grand Prix
63,RUS,George Russell,Mercedes,5.0,69.676,69.313,69.255,1,0.5929999999999893,2025,15,Dutch Grand Prix
16,LEC,Charles Leclerc,Ferrari,6.0,69.906,69.304,69.34,1,0.6419999999999959,2025,15,Dutch Grand Prix
44,HAM,Lewis Hamilton,Ferrari,7.0,69.9,69.261,69.39,1,0.5989999999999895,2025,15,Dutch Grand Prix
30,LAW,Liam Lawson,Racing Bulls,8.0,69.779,69.383,69.5,1,0.7209999999999894,2025,15,Dutch Grand Prix
55,SAI,Carlos Sainz,Williams,9.0,69.98,69.472,69.505,1,0.8099999999999881,2025,15,Dutch Grand Prix
14,ALO,Fernando Alonso,Aston Martin,10.0,69.95,69.366,69.63,1,0.7039999999999935,2025,15,Dutch Grand Prix
12,ANT,Kimi Antonelli,Mercedes,11.0,69.845,69.493,,0,0.8309999999999889,2025,15,Dutch Grand Prix
22,TSU,Yuki Tsunoda,Red Bull Racing,12.0,69.954,69.622,,0,0.9599999999999937,2025,15,Dutch Grand Prix
5,BOR,Gabriel Bortoleto,Kick Sauber,13.0,70.037,69.622,,0,0.9599999999999937,2025,15,Dutch Grand Prix
10,GAS,Pierre Gasly,Alpine,14.0,69.894,69.637,,0,0.9749999999999943,2025,15,Dutch Grand Prix
23,ALB,Alexander Albon,Williams,15.0,69.792,69.652,,0,0.9899999999999949,2025,15,Dutch Grand Prix
43,COL,Franco Colapinto,Alpine,16.0,70.104,,,0,1.441999999999993,2025,15,Dutch Grand Prix
27,HUL,Nico Hulkenberg,Kick Sauber,17.0,70.195,,,0,1.532999999999987,2025,15,Dutch Grand Prix
31,OCO,Esteban Ocon,Haas F1 Team,18.0,70.197,,,0,1.5349999999999966,2025,15,Dutch Grand Prix
87,BEA,Oliver Bearman,Haas F1 Team,19.0,70.262,,,0,1.5999999999999943,2025,15,Dutch Grand Prix
18,STR,Lance Stroll,Aston Martin,20.0,,,,0,,2025,15,Dutch Grand Prix
1,VER,Max Verstappen,Red Bull Racing,1.0,79.455,79.14,78.792,1,0.0,2025,16,Italian Grand Prix
4,NOR,Lando Norris,McLaren,2.0,79.517,79.293,78.869,1,0.07699999999999818,2025,16,Italian Grand Prix
81,PIA,Oscar Piastri,McLaren,3.0,79.711,79.286,78.982,1,0.18999999999999773,2025,16,Italian Grand Prix
16,LEC,Charles Leclerc,Ferrari,4.0,79.689,79.31,79.007,1,0.2150000000000034,2025,16,Italian Grand Prix
44,HAM,Lewis Hamilton,Ferrari,5.0,79.765,79.371,79.124,1,0.33199999999999363,2025,16,Italian Grand Prix
63,RUS,George Russell,Mercedes,6.0,79.414,79.287,79.157,1,0.3649999999999949,2025,16,Italian Grand Prix
12,ANT,Kimi Antonelli,Mercedes,7.0,79.747,79.245,79.2,1,0.40800000000000125,2025,16,Italian Grand Prix
5,BOR,Gabriel Bortoleto,Kick Sauber,8.0,79.688,79.323,79.39,1,0.5309999999999917,2025,16,Italian Grand Prix
14,ALO,Fernando Alonso,Aston Martin,9.0,79.658,79.362,79.424,1,0.5699999999999932,2025,16,Italian Grand Prix
22,TSU,Yuki Tsunoda,Red Bull Racing,10.0,79.619,79.433,79.519,1,0.6410000000000053,2025,16,Italian Grand Prix
87,BEA,Oliver Bearman,Haas F1 Team,11.0,79.688,79.446,,0,0.6539999999999964,2025,16,Italian Grand Prix
27,HUL,Nico Hulkenberg,Kick Sauber,12.0,79.777,79.498,,0,0.7060000000000031,2025,16,Italian Grand Prix
55,SAI,Carlos Sainz,Williams,13.0,79.644,79.528,,0,0.7360000000000042,2025,16,Italian Grand Prix
23,ALB,Alexander Albon,Williams,14.0,79.837,79.583,,0,0.7909999999999968,2025,16,Italian Grand Prix
31,OCO,Esteban Ocon,Haas F1 Team,15.0,79.816,79.707,,0,0.914999999999992,2025,16,Italian Grand Prix
6,HAD,Isack Hadjar,Racing Bulls,16.0,79.917,,,0,1.125,2025,16,Italian Grand Prix
18,STR,Lance Stroll,Aston Martin,17.0,79.948,,,0,1.1559999999999917,2025,16,Italian Grand Prix
43,COL,Franco Colapinto,Alpine,18.0,79.992,,,0,1.2000000000000028,2025,16,Italian Grand Prix
10,GAS,Pierre Gasly,Alpine,19.0,80.103,,,0,1.3109999999999928,2025,16,Italian Grand Prix
30,LAW,Liam Lawson,Racing Bulls,20.0,80.279,,,0,1.4869999999999948,2025,16,Italian Grand Prix
63,RUS,George Russell,Mercedes,1.0,89.928,89.562,89.158,1,0.0,2025,18,Singapore Grand Prix
1,VER,Max Verstappen,Red Bull Racing,2.0,90.028,89.572,89.34,1,0.18200000000000216,2025,18,Singapore Grand Prix
81,PIA,Oscar Piastri,McLaren,3.0,90.313,89.813,89.524,1,0.36599999999999966,2025,18,Singapore Grand Prix
12,ANT,Kimi Antonelli,Mercedes,4.0,90.036,89.649,89.537,1,0.3790000000000049,2025,18,Singapore Grand Prix
4,NOR,Lando Norris,McLaren,5.0,89.932,89.809,89.586,1,0.42799999999999727,2025,18,Singapore Grand Prix
44,HAM,Lewis Hamilton,Ferrari,6.0,89.765,89.936,89.688,1,0.5300000000000011,2025,18,Singapore Grand Prix
16,LEC,Charles Leclerc,Ferrari,7.0,90.37,89.914,89.784,1,0.6260000000000048,2025,18,Singapore Grand Prix
6,HAD,Isack Hadjar,Racing Bulls,8.0,90.214,90.016,89.846,1,0.6880000000000024,2025,18,Singapore Grand Prix
87,BEA,Oliver Bearman,Haas F1 Team,9.0,90.42,90.076,89.868,1,0.7099999999999937,2025,18,Singapore Grand Prix
14,ALO,Fernando Alonso,Aston Martin,10.0,90.745,90.054,89.955,1,0.796999999999997,2025,18,Singapore Grand Prix
27,HUL,Nico Hulkenberg,Kick Sauber,11.0,90.715,90.141,,0,0.9830000000000041,2025,18,Singapore Grand Prix
30,LAW,Liam Lawson,Racing Bulls,12.0,90.681,90.32,,0,1.161999999999992,2025,18,Singapore Grand Prix
22,TSU,Yuki Tsunoda,Red Bull Racing,13.0,90.574,90.353,,0,1.1949999999999932,2025,18,Singapore Grand Prix
5,BOR,Gabriel Bortoleto,Kick Sauber,14.0,90.82,,,0,1.661999999999992,2025,18,Singapore Grand Prix
18,STR,Lance Stroll,Aston Martin,15.0,90.949,,,0,1.7909999999999968,2025,18,Singapore Grand Prix
43,COL,Franco Colapinto,Alpine,16.0,90.982,,,0,1.823999999999998,2025,18,Singapore Grand Prix
31,OCO,Esteban Ocon,Haas F1 Team,17.0,90.989,,,0,1.831000000000003,2025,18,Singapore Grand Prix
10,GAS,Pierre Gasly,Alpine,18.0,91.261,,,0,2.1029999999999944,2025,18,Singapore Grand Prix
23,ALB,Alexander Albon,Williams,19.0,,,,0,,2025,18,Singapore Grand Prix
55,SAI,Carlos Sainz,Williams,20.0,,,,0,,2025,18,Singapore Grand Prix
4,NOR,Lando Norris,McLaren,1.0,69.656,69.616,69.511,1,0.0,2025,21,São Paulo Grand Prix
12,ANT,Kimi Antonelli,Mercedes,2.0,70.192,69.774,69.685,1,0.1740000000000066,2025,21,São Paulo Grand Prix
16,LEC,Charles Leclerc,Ferrari,3.0,69.934,69.801,69.805,1,0.29000000000000625,2025,21,São Paulo Grand Prix
81,PIA,Oscar Piastri,McLaren,4.0,69.928,69.835,69.886,1,0.32399999999999807,2025,21,São Paulo Grand Prix
6,HAD,Isack Hadjar,Racing Bulls,5.0,70.083,69.97,69.931,1,0.4200000000000017,2025,21,São Paulo Grand Prix
63,RUS,George Russell,Mercedes,6.0,69.935,69.88,69.942,1,0.3689999999999998,2025,21,São Paulo Grand Prix
30,LAW,Liam Lawson,Racing Bulls,7.0,70.108,69.95,69.962,1,0.43900000000000716,2025,21,São Paulo Grand Prix
87,BEA,Oliver Bearman,Haas F1 Team,8.0,69.891,69.755,69.977,1,0.24399999999999977,2025,21,São Paulo Grand Prix
10,GAS,Pierre Gasly,Alpine,9.0,69.885,69.857,70.002,1,0.34600000000000364,2025,21,São Paulo Grand Prix
27,HUL,Nico Hulkenberg,Kick Sauber,10.0,70.337,69.985,70.039,1,0.47400000000000375,2025,21,São Paulo Grand Prix
14,ALO,Fernando Alonso,Aston Martin,11.0,70.181,70.001,,0,0.4900000000000091,2025,21,São Paulo Grand Prix
23,ALB,Alexander Albon,Williams,12.0,70.115,70.053,,0,0.5420000000000016,2025,21,São Paulo Grand Prix
44,HAM,Lewis Hamilton,Ferrari,13.0,70.016,70.1,,0,0.5050000000000097,2025,21,São Paulo Grand Prix
18,STR,Lance Stroll,Aston Martin,14.0,70.041,70.161,,0,0.5300000000000011,2025,21,São Paulo Grand Prix
55,SAI,Carlos Sainz,Williams,15.0,70.184,70.472,,0,0.6730000000000018,2025,21,São Paulo Grand Prix
1,VER,Max Verstappen,Red Bull Racing,16.0,70.403,,,0,0.8920000000000101,2025,21,São Paulo Grand Prix
31,OCO,Esteban Ocon,Haas F1 Team,17.0,70.438,,,0,0.9270000000000067,2025,21,São Paulo Grand Prix
43,COL,Franco Colapinto,Alpine,18.0,70.632,,,0,1.1210000000000093,2025,21,São Paulo Grand Prix
22,TSU,Yuki Tsunoda,Red Bull Racing,19.0,70.711,,,0,1.2000000000000028,2025,21,São Paulo Grand Prix
5,BOR,Gabriel Bortoleto,Kick Sauber,,,,,0,,2025,21,São Paulo Grand Prix
4,NOR,Lando Norris,McLaren,1.0,76.899,76.252,75.586,1,0.0,2025,20,Mexico City Grand Prix
16,LEC,Charles Leclerc,Ferrari,2.0,77.024,76.658,75.848,1,0.26200000000000045,2025,20,Mexico City Grand Prix
44,HAM,Lewis Hamilton,Ferrari,3.0,76.736,76.458,75.938,1,0.35200000000000387,2025,20,Mexico City Grand Prix
63,RUS,George Russell,Mercedes,4.0,76.895,76.537,76.034,1,0.4480000000000075,2025,20,Mexico City Grand Prix
1,VER,Max Verstappen,Red Bull Racing,5.0,77.076,76.605,76.07,1,0.48399999999999466,2025,20,Mexico City Grand Prix
12,ANT,Kimi Antonelli,Mercedes,6.0,77.291,76.773,76.118,1,0.5319999999999965,2025,20,Mexico City Grand Prix
55,SAI,Carlos Sainz,Williams,7.0,77.171,76.607,76.172,1,0.5859999999999985,2025,20,Mexico City Grand Prix
81,PIA,Oscar Piastri,McLaren,8.0,77.158,76.737,76.174,1,0.5880000000000081,2025,20,Mexico City Grand Prix
6,HAD,Isack Hadjar,Racing Bulls,9.0,76.733,76.804,76.252,1,0.6659999999999968,2025,20,Mexico City Grand Prix
87,BEA,Oliver Bearman,Haas F1 Team,10.0,77.04,76.787,76.46,1,0.8739999999999952,2025,20,Mexico City Grand Prix
22,TSU,Yuki Tsunoda,Red Bull Racing,11.0,77.234,76.816,,0,1.230000000000004,2025,20,Mexico City Grand Prix
31,OCO,Esteban Ocon,Haas F1 Team,12.0,76.948,76.837,,0,1.2510000000000048,2025,20,Mexico City Grand Prix
27,HUL,Nico Hulkenberg,Kick Sauber,13.0,77.251,77.016,,0,1.4300000000000068,2025,20,Mexico City Grand Prix
14,ALO,Fernando Alonso,Aston Martin,14.0,77.232,77.103,,0,1.516999999999996,2025,20,Mexico City Grand Prix
30,LAW,Liam Lawson,Racing Bulls,15.0,76.961,78.072,,0,1.375,2025,20,Mexico City Grand Prix
5,BOR,Gabriel Bortoleto,Kick Sauber,16.0,77.412,,,0,1.8260000000000076,2025,20,Mexico City Grand Prix
23,ALB,Alexander Albon,Williams,17.0,77.49,,,0,1.9039999999999964,2025,20,Mexico City Grand Prix
10,GAS,Pierre Gasly,Alpine,18.0,77.546,,,0,1.960000000000008,2025,20,Mexico City Grand Prix
18,STR,Lance Stroll,Aston Martin,19.0,77.606,,,0,2.019999999999996,2025,20,Mexico City Grand Prix
43,COL,Franco Colapinto,Alpine,20.0,77.67,,,0,2.084000000000003,2025,20,Mexico City Grand Prix
1,VER,Max Verstappen,Red Bull Racing,1.0,93.207,92.701,92.51,1,0.0,2025,19,United States Grand Prix
4,NOR,Lando Norris,McLaren,2.0,93.843,92.876,92.801,1,0.2909999999999968,2025,19,United States Grand Prix
16,LEC,Charles Leclerc,Ferrari,3.0,93.525,92.869,92.807,1,0.29699999999999704,2025,19,United States Grand Prix
63,RUS,George Russell,Mercedes,4.0,93.311,93.058,92.826,1,0.3159999999999883,2025,19,United States Grand Prix
44,HAM,Lewis Hamilton,Ferrari,5.0,93.685,92.914,92.912,1,0.402000000000001,2025,19,United States Grand Prix
81,PIA,Oscar Piastri,McLaren,6.0,93.746,93.228,93.084,1,0.5739999999999981,2025,19,United States Grand Prix
12,ANT,Kimi Antonelli,Mercedes,7.0,93.501,93.044,93.114,1,0.5339999999999918,2025,19,United States Grand Prix
87,BEA,Oliver Bearman,Haas F1 Team,8.0,93.921,93.238,93.139,1,0.6289999999999907,2025,19,United States Grand Prix
55,SAI,Carlos Sainz,Williams,9.0,93.739,93.124,93.15,1,0.6139999999999901,2025,19,United States Grand Prix
14,ALO,Fernando Alonso,Aston Martin,10.0,93.741,93.237,93.16,1,0.6499999999999915,2025,19,United States Grand Prix
27,HUL,Nico Hulkenberg,Kick Sauber,11.0,93.551,93.334,,0,0.8239999999999981,2025,19,United States Grand Prix
30,LAW,Liam Lawson,Racing Bulls,12.0,93.549,93.36,,0,0.8499999999999943,2025,19,United States Grand Prix
22,TSU,Yuki Tsunoda,Red Bull Racing,13.0,93.935,93.466,,0,0.9559999999999889,2025,19,United States Grand Prix
10,GAS,Pierre Gasly,Alpine,14.0,93.599,93.651,,0,1.0889999999999986,2025,19,United States Grand Prix
43,COL,Franco Colapinto,Alpine,15.0,94.039,94.044,,0,1.5289999999999964,2025,19,United States Grand Prix
5,BOR,Gabriel Bortoleto,Kick Sauber,16.0,94.125,,,0,1.6149999999999949,2025,19,United States Grand Prix
31,OCO,Esteban Ocon,Haas F1 Team,17.0,94.136,,,0,1.6259999999999906,2025,19,United States Grand Prix
18,STR,Lance Stroll,Aston Martin,18.0,94.54,,,0,2.030000000000001,2025,19,United States Grand Prix
23,ALB,Alexander Albon,Williams,19.0,94.69,,,0,2.1799999999999926,2025,19,United States Grand Prix
6,HAD,Isack Hadjar,Racing Bulls,20.0,,,,0,,2025,19,United States Grand Prix
4,NOR,Lando Norris,McLaren,1.0,115.473,111.379,107.934,1,0.0,2025,22,Las Vegas Grand Prix
1,VER,Max Verstappen,Red Bull Racing,2.0,113.458,111.593,108.257,1,0.3230000000000075,2025,22,Las Vegas Grand Prix
55,SAI,Carlos Sainz,Williams,3.0,114.873,111.144,108.296,1,0.362000000000009,2025,22,Las Vegas Grand Prix
63,RUS,George Russell,Mercedes,4.0,113.144,110.935,108.803,1,0.8689999999999998,2025,22,Las Vegas Grand Prix
81,PIA,Oscar Piastri,McLaren,5.0,114.544,112.126,108.961,1,1.027000000000001,2025,22,Las Vegas Grand Prix
30,LAW,Liam Lawson,Racing Bulls,6.0,114.828,111.621,109.062,1,1.1280000000000001,2025,22,Las Vegas Grand Prix
14,ALO,Fernando Alonso,Aston Martin,7.0,113.739,111.865,109.466,1,1.5319999999999965,2025,22,Las Vegas Grand Prix
6,HAD,Isack Hadjar,Racing Bulls,8.0,115.613,111.12,109.554,1,1.6200000000000045,2025,22,Las Vegas Grand Prix
16,LEC,Charles Leclerc,Ferrari,9.0,114.814,111.952,109.872,1,1.9380000000000024,2025,22,Las Vegas Grand Prix
10,GAS,Pierre Gasly,Alpine,10.0,114.432,111.76,111.54,1,3.6060000000000088,2025,22,Las Vegas Grand Prix
27,HUL,Nico Hulkenberg,Kick Sauber,11.0,114.555,112.781,,0,4.847000000000008,2025,22,Las Vegas Grand Prix
18,STR,Lance Stroll,Aston Martin,12.0,114.416,112.85,,0,4.915999999999997,2025,22,Las Vegas Grand Prix
31,OCO,Esteban Ocon,Haas F1 Team,13.0,114.635,112.987,,0,5.052999999999997,2025,22,Las Vegas Grand Prix
87,BEA,Oliver Bearman,Haas F1 Team,14.0,116.016,113.094,,0,5.159999999999997,2025,22,Las Vegas Grand Prix
43,COL,Franco Colapinto,Alpine,15.0,114.847,113.683,,0,5.749000000000009,2025,22,Las Vegas Grand Prix
23,ALB,Alexander Albon,Williams,16.0,116.22,,,0,8.286000000000001,2025,22,Las Vegas Grand Prix
12,ANT,Kimi Antonelli,Mercedes,17.0,116.314,,,0,8.379999999999995,2025,22,Las Vegas Grand Prix
5,BOR,Gabriel Bortoleto,Kick Sauber,18.0,116.674,,,0,8.740000000000009,2025,22,Las Vegas Grand Prix
22,TSU,Yuki Tsunoda,Red Bull Racing,19.0,116.798,,,0,8.864000000000004,2025,22,Las Vegas Grand Prix
44,HAM,Lewis Hamilton,Ferrari,20.0,117.115,,,0,9.180999999999997,2025,22,Las Vegas Grand Prix
81,PIA,Oscar Piastri,McLaren,1.0,80.234,79.65,79.387,1,0.0,2025,23,Qatar Grand Prix
4,NOR,Lando Norris,McLaren,2.0,80.157,79.861,79.495,1,0.10800000000000409,2025,23,Qatar Grand Prix
1,VER,Max Verstappen,Red Bull Racing,3.0,80.472,79.985,79.651,1,0.2639999999999958,2025,23,Qatar Grand Prix
63,RUS,George Russell,Mercedes,4.0,80.074,80.186,79.662,1,0.2750000000000057,2025,23,Qatar Grand Prix
12,ANT,Kimi Antonelli,Mercedes,5.0,80.576,80.084,79.846,1,0.4590000000000032,2025,23,Qatar Grand Prix
6,HAD,Isack Hadjar,Racing Bulls,6.0,80.603,80.35,80.114,1,0.7270000000000039,2025,23,Qatar Grand Prix
55,SAI,Carlos Sainz,Williams,7.0,80.52,80.251,80.287,1,0.8640000000000043,2025,23,Qatar Grand Prix
14,ALO,Fernando Alonso,Aston Martin,8.0,80.598,80.219,80.418,1,0.8319999999999936,2025,23,Qatar Grand Prix
10,GAS,Pierre Gasly,Alpine,9.0,80.681,80.324,80.477,1,0.9369999999999976,2025,23,Qatar Grand Prix
16,LEC,Charles Leclerc,Ferrari,10.0,80.564,80.343,80.561,1,0.9560000000000031,2025,23,Qatar Grand Prix
27,HUL,Nico Hulkenberg,Kick Sauber,11.0,80.63,80.353,,0,0.965999999999994,2025,23,Qatar Grand Prix
30,LAW,Liam Lawson,Racing Bulls,12.0,80.539,80.433,,0,1.0460000000000065,2025,23,Qatar Grand Prix
87,BEA,Oliver Bearman,Haas F1 Team,13.0,80.548,80.438,,0,1.051000000000002,2025,23,Qatar Grand Prix
5,BOR,Gabriel Bortoleto,Kick Sauber,14.0,80.653,80.534,,0,1.1470000000000056,2025,23,Qatar Grand Prix
23,ALB,Alexander Albon,Williams,15.0,80.629,80.629,,0,1.2420000000000044,2025,23,Qatar Grand Prix
22,TSU,Yuki Tsunoda,Red Bull Racing,16.0,80.761,,,0,1.3739999999999952,2025,23,Qatar Grand Prix
31,OCO,Esteban Ocon,Haas F1 Team,17.0,80.864,,,0,1.4770000000000039,2025,23,Qatar Grand Prix
44,HAM,Lewis Hamilton,Ferrari,18.0,80.907,,,0,1.519999999999996,2025,23,Qatar Grand Prix
18,STR,Lance Stroll,Aston Martin,19.0,81.058,,,0,1.6710000000000065,2025,23,Qatar Grand Prix
43,COL,Franco Colapinto,Alpine,20.0,81.137,,,0,1.75,2025,23,Qatar Grand Prix
1,VER,Max Verstappen,Red Bull Racing,1.0,82.877,82.752,82.207,1,0.0,2025,24,Abu Dhabi Grand Prix
4,NOR,Lando Norris,McLaren,2.0,83.178,82.804,82.408,1,0.20100000000000762,2025,24,Abu Dhabi Grand Prix
81,PIA,Oscar Piastri,McLaren,3.0,82.605,83.021,82.437,1,0.23000000000000398,2025,24,Abu Dhabi Grand Prix
63,RUS,George Russell,Mercedes,4.0,83.247,82.73,82.645,1,0.4380000000000024,2025,24,Abu Dhabi Grand Prix
16,LEC,Charles Leclerc,Ferrari,5.0,83.163,82.948,82.73,1,0.5230000000000103,2025,24,Abu Dhabi Grand Prix
14,ALO,Fernando Alonso,Aston Martin,6.0,83.071,82.861,82.902,1,0.6540000000000106,2025,24,Abu Dhabi Grand Prix
5,BOR,Gabriel Bortoleto,Kick Sauber,7.0,83.374,82.874,82.904,1,0.6670000000000016,2025,24,Abu Dhabi Grand Prix
31,OCO,Esteban Ocon,Haas F1 Team,8.0,83.334,83.023,82.913,1,0.7060000000000031,2025,24,Abu Dhabi Grand Prix
6,HAD,Isack Hadjar,Racing Bulls,9.0,83.373,82.997,83.072,1,0.7900000000000063,2025,24,Abu Dhabi Grand Prix
22,TSU,Yuki Tsunoda,Red Bull Racing,10.0,83.386,83.034,,0,0.8270000000000124,2025,24,Abu Dhabi Grand Prix
87,BEA,Oliver Bearman,Haas F1 Team,11.0,83.254,83.041,,0,0.8340000000000032,2025,24,Abu Dhabi Grand Prix
55,SAI,Carlos Sainz,Williams,12.0,83.187,83.042,,0,0.835000000000008,2025,24,Abu Dhabi Grand Prix
30,LAW,Liam Lawson,Racing Bulls,13.0,83.265,83.077,,0,0.8700000000000045,2025,24,Abu Dhabi Grand Prix
12,ANT,Kimi Antonelli,Mercedes,14.0,82.894,83.08,,0,0.6870000000000118,2025,24,Abu Dhabi Grand Prix
18,STR,Lance Stroll,Aston Martin,15.0,83.316,83.097,,0,0.8900000000000006,2025,24,Abu Dhabi Grand Prix
44,HAM,Lewis Hamilton,Ferrari,16.0,83.394,,,0,1.1870000000000118,2025,24,Abu Dhabi Grand Prix
23,ALB,Alexander Albon,Williams,17.0,83.416,,,0,1.2090000000000032,2025,24,Abu Dhabi Grand Prix
27,HUL,Nico Hulkenberg,Kick Sauber,18.0,83.45,,,0,1.2430000000000092,2025,24,Abu Dhabi Grand Prix
10,GAS,Pierre Gasly,Alpine,19.0,83.468,,,0,1.26100000000001,2025,24,Abu Dhabi Grand Prix
43,COL,Franco Colapinto,Alpine,20.0,83.89,,,0,1.683000000000007,2025,24,Abu Dhabi Grand Prix
1,VER,Max Verstappen,Red Bull Racing,1.0,101.331,101.255,101.117,1,0.0,2025,17,Azerbaijan Grand Prix
55,SAI,Carlos Sainz,Williams,2.0,102.635,101.675,101.595,1,0.47799999999999443,2025,17,Azerbaijan Grand Prix
30,LAW,Liam Lawson,Racing Bulls,3.0,102.257,101.537,101.707,1,0.4200000000000017,2025,17,Azerbaijan Grand Prix
12,ANT,Kimi Antonelli,Mercedes,4.0,102.247,101.464,101.717,1,0.3469999999999942,2025,17,Azerbaijan Grand Prix
63,RUS,George Russell,Mercedes,5.0,101.646,101.455,102.07,1,0.33799999999999386,2025,17,Azerbaijan Grand Prix
22,TSU,Yuki Tsunoda,Red Bull Racing,6.0,102.347,101.788,102.143,1,0.6709999999999923,2025,17,Azerbaijan Grand Prix
4,NOR,Lando Norris,McLaren,7.0,101.322,101.396,102.239,1,0.2049999999999983,2025,17,Azerbaijan Grand Prix
6,HAD,Isack Hadjar,Racing Bulls,8.0,101.656,101.647,102.372,1,0.5300000000000011,2025,17,Azerbaijan Grand Prix
81,PIA,Oscar Piastri,McLaren,9.0,101.839,101.414,,0,0.29699999999999704,2025,17,Azerbaijan Grand Prix
16,LEC,Charles Leclerc,Ferrari,10.0,101.458,101.519,,0,0.340999999999994,2025,17,Azerbaijan Grand Prix
14,ALO,Fernando Alonso,Aston Martin,11.0,102.211,101.857,,0,0.7399999999999949,2025,17,Azerbaijan Grand Prix
44,HAM,Lewis Hamilton,Ferrari,12.0,101.821,102.183,,0,0.7039999999999935,2025,17,Azerbaijan Grand Prix
5,BOR,Gabriel Bortoleto,Kick Sauber,13.0,102.511,102.277,,0,1.1599999999999966,2025,17,Azerbaijan Grand Prix
18,STR,Lance Stroll,Aston Martin,14.0,102.101,103.061,,0,0.9839999999999947,2025,17,Azerbaijan Grand Prix
87,BEA,Oliver Bearman,Haas F1 Team,15.0,102.666,,,0,1.5489999999999924,2025,17,Azerbaijan Grand Prix
43,COL,Franco Colapinto,Alpine,16.0,102.779,,,0,1.661999999999992,2025,17,Azerbaijan Grand Prix
27,HUL,Nico Hulkenberg,Kick Sauber,17.0,102.916,,,0,1.7989999999999924,2025,17,Azerbaijan Grand Prix
10,GAS,Pierre Gasly,Alpine,18.0,103.139,,,0,2.0219999999999914,2025,17,Azerbaijan Grand Prix
23,ALB,Alexander Albon,Williams,19.0,103.778,,,0,2.6610000000000014,2025,17,Azerbaijan Grand Prix
31,OCO,Esteban Ocon,Haas F1 Team,20.0,,,,0,,2025,17,Azerbaijan Grand Prix
